area,hour,n
AT Extension,0,48
AT Extension,1,134
AT Extension,2,174
AT Extension,3,160
AT Extension,4,188
AT Extension,5,196
AT Extension,6,119
AT Extension,7,157
AT Extension,8,185
AT Extension,9,293
AT Extension,10,182
AT Extension,11,209
AT Extension,12,163
AT Extension,13,107
AT Extension,14,59
AT Extension,15,31
AT Extension,16,4
AT Extension,17,1
Ajmera Annex,2,6
Ajmera Annex,3,16
Ajmera Annex,4,16
Ajmera Annex,5,23
Ajmera Annex,6,36
Ajmera Annex,7,15
Ajmera Annex,8,5
Ajmera Annex,9,23
Ajmera Annex,10,41
Ajmera Annex,11,52
Ajmera Annex,12,253
Ajmera Annex,13,244
Ajmera Annex,14,75
Anand Rao Circle,0,20
Anand Rao Circle,1,78
Anand Rao Circle,2,127
Anand Rao Circle,3,142
Anand Rao Circle,4,62
Anand Rao Circle,5,102
Anand Rao Circle,6,60
Anand Rao Circle,7,57
Anand Rao Circle,8,85
Anand Rao Circle,9,148
Anand Rao Circle,10,77
Anand Rao Circle,11,79
Anand Rao Circle,12,29
Anand Rao Circle,13,20
Anand Rao Circle,14,35
Anand Rao Circle,15,7
Ashwath Nagar,0,2
Ashwath Nagar,1,15
Ashwath Nagar,2,45
Ashwath Nagar,3,57
Ashwath Nagar,4,78
Ashwath Nagar,5,59
Ashwath Nagar,6,43
Ashwath Nagar,7,68
Ashwath Nagar,8,75
Ashwath Nagar,9,42
Ashwath Nagar,10,105
Ashwath Nagar,11,107
Ashwath Nagar,12,46
Ashwath Nagar,13,31
Ashwath Nagar,14,12
Ashwath Nagar,15,1
Ashwath Nagar,17,2
Ashwath Nagar,22,1
Begur Chikkanahalli,0,205
Begur Chikkanahalli,1,346
Begur Chikkanahalli,2,229
Begur Chikkanahalli,3,360
Begur Chikkanahalli,4,492
Begur Chikkanahalli,5,483
Begur Chikkanahalli,6,122
Begur Chikkanahalli,7,67
Begur Chikkanahalli,8,299
Begur Chikkanahalli,9,133
Begur Chikkanahalli,10,216
Begur Chikkanahalli,11,289
Begur Chikkanahalli,12,362
Begur Chikkanahalli,13,267
Begur Chikkanahalli,14,143
Begur Chikkanahalli,15,45
Begur Chikkanahalli,16,20
Begur Chikkanahalli,17,10
Begur Chikkanahalli,23,18
Bescom Employees House Building Cooperative Society,0,2
Bescom Employees House Building Cooperative Society,1,9
Bescom Employees House Building Cooperative Society,2,40
Bescom Employees House Building Cooperative Society,3,80
Bescom Employees House Building Cooperative Society,4,89
Bescom Employees House Building Cooperative Society,5,86
Bescom Employees House Building Cooperative Society,6,35
Bescom Employees House Building Cooperative Society,7,101
Bescom Employees House Building Cooperative Society,8,89
Bescom Employees House Building Cooperative Society,9,82
Bescom Employees House Building Cooperative Society,10,76
Bescom Employees House Building Cooperative Society,11,101
Bescom Employees House Building Cooperative Society,12,60
Bescom Employees House Building Cooperative Society,13,11
Bescom Employees House Building Cooperative Society,14,1
Block C,2,54
Block C,3,87
Block C,4,129
Block C,5,73
Block C,6,54
Block C,7,47
Block C,8,68
Block C,9,60
Block C,10,35
Block C,11,88
Block C,12,62
Block C,13,19
Block C,14,6
Block C,16,3
Brigade Tech Gardens,2,2
Brigade Tech Gardens,3,95
Brigade Tech Gardens,4,97
Brigade Tech Gardens,5,164
Brigade Tech Gardens,6,42
Brigade Tech Gardens,7,120
Brigade Tech Gardens,8,67
Brigade Tech Gardens,9,51
Brigade Tech Gardens,10,195
Brigade Tech Gardens,11,48
Brigade Tech Gardens,13,1
Chanda Nagar,0,208
Chanda Nagar,1,217
Chanda Nagar,2,35
Chanda Nagar,3,44
Chanda Nagar,4,30
Chanda Nagar,5,17
Chanda Nagar,6,14
Chanda Nagar,7,53
Chanda Nagar,8,55
Chanda Nagar,9,53
Chanda Nagar,10,21
Chanda Nagar,11,29
Chanda Nagar,12,7
Chanda Nagar,14,2
Chanda Nagar,22,12
Chanda Nagar,23,55
Chickpet Circle,0,64
Chickpet Circle,1,90
Chickpet Circle,2,54
Chickpet Circle,3,17
Chickpet Circle,4,57
Chickpet Circle,5,132
Chickpet Circle,6,118
Chickpet Circle,7,177
Chickpet Circle,8,175
Chickpet Circle,9,225
Chickpet Circle,10,170
Chickpet Circle,11,129
Chickpet Circle,12,109
Chickpet Circle,13,39
Chickpet Circle,14,6
Chickpet Circle,21,3
City Market Circle,0,939
City Market Circle,1,614
City Market Circle,2,235
City Market Circle,3,175
City Market Circle,4,162
City Market Circle,5,243
City Market Circle,6,229
City Market Circle,7,248
City Market Circle,8,306
City Market Circle,9,489
City Market Circle,10,504
City Market Circle,11,325
City Market Circle,12,149
City Market Circle,13,71
City Market Circle,14,17
City Market Circle,15,3
City Market Circle,17,1
City Market Circle,18,9
City Market Circle,19,3
City Market Circle,20,19
City Market Circle,21,88
City Market Circle,22,501
City Market Circle,23,303
Coffee Board Junction,0,1
Coffee Board Junction,2,7
Coffee Board Junction,3,12
Coffee Board Junction,4,165
Coffee Board Junction,5,166
Coffee Board Junction,6,66
Coffee Board Junction,7,58
Coffee Board Junction,8,220
Coffee Board Junction,9,82
Coffee Board Junction,10,45
Coffee Board Junction,11,74
Coffee Board Junction,12,73
Coffee Board Junction,13,1
Coffee Board Junction,14,24
Devasandra Junction,0,845
Devasandra Junction,1,555
Devasandra Junction,2,171
Devasandra Junction,3,46
Devasandra Junction,4,86
Devasandra Junction,5,83
Devasandra Junction,6,38
Devasandra Junction,7,58
Devasandra Junction,8,116
Devasandra Junction,9,121
Devasandra Junction,10,182
Devasandra Junction,11,256
Devasandra Junction,12,220
Devasandra Junction,13,83
Devasandra Junction,14,32
Devasandra Junction,15,16
Devasandra Junction,16,5
Devasandra Junction,17,6
Devasandra Junction,18,5
Devasandra Junction,19,3
Devasandra Junction,20,12
Devasandra Junction,21,20
Devasandra Junction,22,106
Devasandra Junction,23,307
Dodpete,0,67
Dodpete,1,155
Dodpete,2,36
Dodpete,3,6
Dodpete,4,12
Dodpete,5,42
Dodpete,6,63
Dodpete,7,56
Dodpete,8,79
Dodpete,9,102
Dodpete,10,140
Dodpete,11,69
Dodpete,12,36
Dodpete,13,4
Dodpete,22,5
Embassy Tech Village,0,1
Embassy Tech Village,1,11
Embassy Tech Village,2,68
Embassy Tech Village,3,246
Embassy Tech Village,4,432
Embassy Tech Village,5,333
Embassy Tech Village,6,233
Embassy Tech Village,7,99
Embassy Tech Village,8,326
Embassy Tech Village,9,347
Embassy Tech Village,10,253
Embassy Tech Village,11,108
Embassy Tech Village,12,10
Embassy Tech Village,13,24
Fortuna Acacia,2,10
Fortuna Acacia,3,32
Fortuna Acacia,4,61
Fortuna Acacia,5,154
Fortuna Acacia,6,78
Fortuna Acacia,7,62
Fortuna Acacia,8,62
Fortuna Acacia,9,204
Fortuna Acacia,10,314
Fortuna Acacia,11,505
Fortuna Acacia,12,427
Fortuna Acacia,13,89
Fortuna Acacia,15,1
Fortuna Acacia,16,5
Fortune Acacia,0,2
Fortune Acacia,1,4
Fortune Acacia,2,15
Fortune Acacia,3,50
Fortune Acacia,4,65
Fortune Acacia,5,46
Fortune Acacia,6,42
Fortune Acacia,7,59
Fortune Acacia,8,129
Fortune Acacia,9,167
Fortune Acacia,10,342
Fortune Acacia,11,489
Fortune Acacia,12,449
Fortune Acacia,13,76
Fortune Acacia,14,52
Fortune Acacia,16,3
Gandhi Bazar Circle,2,41
Gandhi Bazar Circle,3,74
Gandhi Bazar Circle,4,56
Gandhi Bazar Circle,5,71
Gandhi Bazar Circle,6,52
Gandhi Bazar Circle,7,18
Gandhi Bazar Circle,8,70
Gandhi Bazar Circle,9,52
Gandhi Bazar Circle,10,95
Gandhi Bazar Circle,11,77
Gandhi Bazar Circle,12,48
Gandhi Bazar Circle,13,20
Gandhi Bazar Circle,14,5
HSR Layout,1,6
HSR Layout,2,48
HSR Layout,3,42
HSR Layout,4,35
HSR Layout,5,38
HSR Layout,6,47
HSR Layout,7,37
HSR Layout,8,22
HSR Layout,9,73
HSR Layout,10,188
HSR Layout,11,202
HSR Layout,12,141
HSR Layout,13,145
HSR Layout,14,98
HSR Layout,15,19
HSR Layout,16,1
HSR Layout,17,1
Indiranagar,0,3
Indiranagar,1,8
Indiranagar,2,32
Indiranagar,3,50
Indiranagar,4,34
Indiranagar,5,76
Indiranagar,6,78
Indiranagar,7,103
Indiranagar,8,110
Indiranagar,9,98
Indiranagar,10,75
Indiranagar,11,68
Indiranagar,12,58
Indiranagar,13,51
Indiranagar,14,20
Indiranagar,15,2
Indiranagar,16,6
Jakkarayana Kere,0,187
Jakkarayana Kere,1,632
Jakkarayana Kere,2,273
Jakkarayana Kere,3,89
Jakkarayana Kere,4,106
Jakkarayana Kere,5,166
Jakkarayana Kere,6,136
Jakkarayana Kere,7,184
Jakkarayana Kere,8,256
Jakkarayana Kere,9,274
Jakkarayana Kere,10,137
Jakkarayana Kere,11,105
Jakkarayana Kere,12,46
Jakkarayana Kere,13,9
Jakkarayana Kere,14,3
Jakkarayana Kere,15,2
Jayanagar,1,2
Jayanagar,2,36
Jayanagar,3,54
Jayanagar,4,69
Jayanagar,5,25
Jayanagar,6,67
Jayanagar,7,61
Jayanagar,8,136
Jayanagar,9,91
Jayanagar,10,85
Jayanagar,11,97
Jayanagar,12,39
Jayanagar,13,17
Jayanagar,14,3
Jayanagar,15,6
Jayanagar,17,2
Kadubisanahalli Junction,2,2
Kadubisanahalli Junction,3,95
Kadubisanahalli Junction,4,75
Kadubisanahalli Junction,5,101
Kadubisanahalli Junction,6,157
Kadubisanahalli Junction,7,105
Kadubisanahalli Junction,8,351
Kadubisanahalli Junction,9,120
Kadubisanahalli Junction,10,58
Kadubisanahalli Junction,11,13
Kadubisanahalli Junction,12,13
Kadubisanahalli Junction,13,27
Kadubisanahalli Junction,14,11
Kalasipalyam,0,4
Kalasipalyam,1,43
Kalasipalyam,2,43
Kalasipalyam,3,53
Kalasipalyam,4,166
Kalasipalyam,5,113
Kalasipalyam,6,45
Kalasipalyam,7,70
Kalasipalyam,8,88
Kalasipalyam,9,110
Kalasipalyam,10,127
Kalasipalyam,11,203
Kalasipalyam,12,128
Kalasipalyam,13,95
Kalasipalyam,14,103
Kalasipalyam,15,21
Kalasipalyam,22,1
Kalpana Circle,0,1
Kalpana Circle,1,77
Kalpana Circle,2,140
Kalpana Circle,3,172
Kalpana Circle,4,153
Kalpana Circle,5,71
Kalpana Circle,6,71
Kalpana Circle,7,99
Kalpana Circle,8,85
Kalpana Circle,9,81
Kalpana Circle,10,24
Kalpana Circle,11,19
Kalpana Circle,13,3
Kalpana Circle,15,1
Kempe Gowda Circle,0,132
Kempe Gowda Circle,1,222
Kempe Gowda Circle,2,153
Kempe Gowda Circle,3,233
Kempe Gowda Circle,4,174
Kempe Gowda Circle,5,456
Kempe Gowda Circle,6,583
Kempe Gowda Circle,7,508
Kempe Gowda Circle,8,814
Kempe Gowda Circle,9,1002
Kempe Gowda Circle,10,678
Kempe Gowda Circle,11,644
Kempe Gowda Circle,12,385
Kempe Gowda Circle,13,224
Kempe Gowda Circle,14,145
Kempe Gowda Circle,15,20
Kempe Gowda Circle,16,1
Kempe Gowda Circle,21,3
Kempe Gowda Circle,23,3
Kempegowda Extension,0,12
Kempegowda Extension,1,17
Kempegowda Extension,2,67
Kempegowda Extension,3,162
Kempegowda Extension,4,338
Kempegowda Extension,5,390
Kempegowda Extension,6,251
Kempegowda Extension,7,211
Kempegowda Extension,8,476
Kempegowda Extension,9,539
Kempegowda Extension,10,548
Kempegowda Extension,11,404
Kempegowda Extension,12,186
Kempegowda Extension,13,83
Kempegowda Extension,14,46
Kempegowda Extension,15,9
Kempegowda Maharaja Complex,0,1
Kempegowda Maharaja Complex,1,30
Kempegowda Maharaja Complex,2,27
Kempegowda Maharaja Complex,3,17
Kempegowda Maharaja Complex,4,38
Kempegowda Maharaja Complex,5,95
Kempegowda Maharaja Complex,6,98
Kempegowda Maharaja Complex,7,82
Kempegowda Maharaja Complex,8,103
Kempegowda Maharaja Complex,9,180
Kempegowda Maharaja Complex,10,139
Kempegowda Maharaja Complex,11,115
Kempegowda Maharaja Complex,12,48
Kempegowda Maharaja Complex,13,37
Kempegowda Maharaja Complex,14,11
Kempegowda Maharaja Complex,15,2
Kirloskar Foundry,1,4
Kirloskar Foundry,2,26
Kirloskar Foundry,3,49
Kirloskar Foundry,4,84
Kirloskar Foundry,5,128
Kirloskar Foundry,6,147
Kirloskar Foundry,7,99
Kirloskar Foundry,8,129
Kirloskar Foundry,9,125
Kirloskar Foundry,10,136
Kirloskar Foundry,11,104
Kirloskar Foundry,12,63
Kirloskar Foundry,13,17
Kirloskar Foundry,16,2
Koramangala,0,5
Koramangala,1,109
Koramangala,2,33
Koramangala,3,80
Koramangala,4,130
Koramangala,5,111
Koramangala,6,38
Koramangala,7,93
Koramangala,8,110
Koramangala,9,159
Koramangala,10,133
Koramangala,11,131
Koramangala,12,80
Koramangala,13,70
Koramangala,14,22
Koramangala,15,20
Koramangala,16,29
Koramangala,17,37
Koramangala,18,13
Koramangala,19,15
Kotturu,0,73
Kotturu,1,177
Kotturu,2,41
Kotturu,3,37
Kotturu,4,15
Kotturu,5,25
Kotturu,6,164
Kotturu,7,113
Kotturu,8,77
Kotturu,9,50
Kotturu,10,22
Kotturu,11,29
Kotturu,12,2
Kotturu,13,7
Kotturu,14,5
Kotturu,15,1
Kumar Park,0,1
Kumar Park,1,37
Kumar Park,2,165
Kumar Park,3,173
Kumar Park,4,134
Kumar Park,5,25
Kumar Park,6,28
Kumar Park,7,56
Kumar Park,8,80
Kumar Park,9,6
Kumar Park,10,2
Maharani College Junction,0,31
Maharani College Junction,1,18
Maharani College Junction,2,41
Maharani College Junction,3,37
Maharani College Junction,4,196
Maharani College Junction,5,119
Maharani College Junction,6,71
Maharani College Junction,7,96
Maharani College Junction,8,181
Maharani College Junction,9,211
Maharani College Junction,10,119
Maharani College Junction,11,73
Maharani College Junction,12,32
Maharani College Junction,13,30
Maharani College Junction,14,21
Majestic Circle,0,88
Majestic Circle,1,112
Majestic Circle,2,124
Majestic Circle,3,55
Majestic Circle,4,74
Majestic Circle,5,119
Majestic Circle,6,74
Majestic Circle,7,167
Majestic Circle,8,124
Majestic Circle,9,83
Majestic Circle,10,72
Majestic Circle,11,88
Majestic Circle,12,45
Majestic Circle,13,24
Majestic Circle,14,16
Majestic Circle,15,2
Majestic Circle,16,11
Malleshwara Extension,1,5
Malleshwara Extension,2,100
Malleshwara Extension,3,85
Malleshwara Extension,4,52
Malleshwara Extension,5,121
Malleshwara Extension,6,122
Malleshwara Extension,7,106
Malleshwara Extension,8,130
Malleshwara Extension,9,64
Malleshwara Extension,10,115
Malleshwara Extension,11,99
Malleshwara Extension,12,60
Malleshwara Extension,13,16
Malleshwara Extension,14,1
Malleshwaram West,1,11
Malleshwaram West,2,20
Malleshwaram West,3,28
Malleshwaram West,4,107
Malleshwaram West,5,141
Malleshwaram West,6,110
Malleshwaram West,7,174
Malleshwaram West,8,152
Malleshwaram West,9,147
Malleshwaram West,10,114
Malleshwaram West,11,79
Malleshwaram West,12,29
Malleshwaram West,13,28
Malleshwaram West,14,1
Malleshwaram West,15,1
Malleshwaram West,16,4
Mallige Thotta,0,1
Mallige Thotta,1,1
Mallige Thotta,2,35
Mallige Thotta,3,73
Mallige Thotta,4,73
Mallige Thotta,5,44
Mallige Thotta,6,153
Mallige Thotta,7,193
Mallige Thotta,8,58
Mallige Thotta,9,183
Mallige Thotta,10,316
Mallige Thotta,11,427
Mallige Thotta,12,416
Mallige Thotta,13,230
Mallige Thotta,14,15
Manjunatha Nagar,0,4
Manjunatha Nagar,1,13
Manjunatha Nagar,2,34
Manjunatha Nagar,3,30
Manjunatha Nagar,4,104
Manjunatha Nagar,5,127
Manjunatha Nagar,6,78
Manjunatha Nagar,7,112
Manjunatha Nagar,8,158
Manjunatha Nagar,9,128
Manjunatha Nagar,10,170
Manjunatha Nagar,11,81
Manjunatha Nagar,12,47
Manjunatha Nagar,13,20
Manjunatha Nagar,14,18
Manjunatha Nagar,15,15
Manjunatha Nagar,20,1
Mantri Altiue Apartment,2,24
Mantri Altiue Apartment,3,119
Mantri Altiue Apartment,4,260
Mantri Altiue Apartment,5,219
Mantri Altiue Apartment,6,69
Mantri Altiue Apartment,7,26
Mantri Altiue Apartment,8,75
Mantri Altiue Apartment,9,158
Mantri Altiue Apartment,10,66
Mantri Altiue Apartment,11,26
Mantri Altiue Apartment,12,15
Mantri Altiue Apartment,16,1
Mantri Altiue Apartment,17,1
Manuvana,0,21
Manuvana,1,10
Manuvana,2,118
Manuvana,3,457
Manuvana,4,557
Manuvana,5,344
Manuvana,6,402
Manuvana,7,185
Manuvana,8,472
Manuvana,9,401
Manuvana,10,235
Manuvana,11,228
Manuvana,12,88
Manuvana,13,29
Manuvana,14,16
Manuvana,16,6
Mysore Bank Circle,1,6
Mysore Bank Circle,2,6
Mysore Bank Circle,3,30
Mysore Bank Circle,4,92
Mysore Bank Circle,5,89
Mysore Bank Circle,6,63
Mysore Bank Circle,7,109
Mysore Bank Circle,8,94
Mysore Bank Circle,9,133
Mysore Bank Circle,10,135
Mysore Bank Circle,11,118
Mysore Bank Circle,12,34
Mysore Bank Circle,13,7
Mysore Bank Circle,14,15
Mysore Bank Circle,15,1
Mysore Bank Circle,16,5
Mysore Bank Circle,17,7
Nada Prabhu Kempegowda Circle,0,9
Nada Prabhu Kempegowda Circle,1,50
Nada Prabhu Kempegowda Circle,2,43
Nada Prabhu Kempegowda Circle,3,82
Nada Prabhu Kempegowda Circle,4,88
Nada Prabhu Kempegowda Circle,5,97
Nada Prabhu Kempegowda Circle,6,139
Nada Prabhu Kempegowda Circle,7,201
Nada Prabhu Kempegowda Circle,8,112
Nada Prabhu Kempegowda Circle,9,108
Nada Prabhu Kempegowda Circle,10,112
Nada Prabhu Kempegowda Circle,11,115
Nada Prabhu Kempegowda Circle,12,81
Nada Prabhu Kempegowda Circle,13,35
Nada Prabhu Kempegowda Circle,14,51
Nada Prabhu Kempegowda Circle,15,3
Nada Prabhu Kempegowda Circle,16,1
Nagashetty Halli,0,1
Nagashetty Halli,1,90
Nagashetty Halli,2,110
Nagashetty Halli,3,126
Nagashetty Halli,4,29
Nagashetty Halli,5,41
Nagashetty Halli,6,36
Nagashetty Halli,7,13
Nagashetty Halli,8,76
Nagashetty Halli,9,28
Nagashetty Halli,10,94
Nagashetty Halli,11,84
Nagashetty Halli,12,15
Nagashetty Halli,13,11
Nagashetty Halli,14,11
Navarang Circle,0,2
Navarang Circle,1,3
Navarang Circle,2,6
Navarang Circle,3,11
Navarang Circle,4,57
Navarang Circle,5,99
Navarang Circle,6,92
Navarang Circle,7,102
Navarang Circle,8,135
Navarang Circle,9,142
Navarang Circle,10,97
Navarang Circle,11,101
Navarang Circle,12,35
Navarang Circle,13,23
Navarang Circle,14,25
Navarang Circle,15,2
Nethaji Subhas Chadra Bose Circle,4,4
Nethaji Subhas Chadra Bose Circle,5,27
Nethaji Subhas Chadra Bose Circle,6,54
Nethaji Subhas Chadra Bose Circle,7,35
Nethaji Subhas Chadra Bose Circle,8,159
Nethaji Subhas Chadra Bose Circle,9,188
Nethaji Subhas Chadra Bose Circle,10,227
Nethaji Subhas Chadra Bose Circle,11,162
Nethaji Subhas Chadra Bose Circle,12,115
Nethaji Subhas Chadra Bose Circle,13,5
Nethaji Subhas Chadra Bose Circle,14,4
New Horizon College of Engineering,1,79
New Horizon College of Engineering,2,146
New Horizon College of Engineering,3,386
New Horizon College of Engineering,4,656
New Horizon College of Engineering,5,585
New Horizon College of Engineering,6,504
New Horizon College of Engineering,7,205
New Horizon College of Engineering,8,306
New Horizon College of Engineering,9,501
New Horizon College of Engineering,10,246
New Horizon College of Engineering,11,142
New Horizon College of Engineering,12,26
New Horizon College of Engineering,13,14
New Horizon College of Engineering,14,10
Olivia,2,3
Olivia,3,26
Olivia,4,28
Olivia,5,53
Olivia,6,27
Olivia,7,46
Olivia,8,75
Olivia,9,91
Olivia,10,198
Olivia,11,233
Olivia,12,161
Olivia,13,17
Olivia,14,26
Olivia,16,3
Orion,0,3
Orion,1,13
Orion,2,25
Orion,3,19
Orion,4,71
Orion,5,102
Orion,6,202
Orion,7,147
Orion,8,364
Orion,9,572
Orion,10,524
Orion,11,427
Orion,12,236
Orion,13,95
Orion,14,48
Orion,15,18
Orion,16,1
Parisara Organic Junction,1,6
Parisara Organic Junction,2,5
Parisara Organic Junction,3,9
Parisara Organic Junction,4,15
Parisara Organic Junction,5,33
Parisara Organic Junction,6,81
Parisara Organic Junction,7,87
Parisara Organic Junction,8,53
Parisara Organic Junction,9,45
Parisara Organic Junction,10,148
Parisara Organic Junction,11,140
Parisara Organic Junction,12,31
Parisara Organic Junction,13,6
Parisara Organic Junction,14,8
Police Quarters,0,7
Police Quarters,1,51
Police Quarters,2,45
Police Quarters,3,96
Police Quarters,4,124
Police Quarters,5,100
Police Quarters,6,113
Police Quarters,7,58
Police Quarters,8,78
Police Quarters,9,135
Police Quarters,10,164
Police Quarters,11,88
Police Quarters,12,44
Police Quarters,13,12
Police Quarters,14,5
Police Quarters,16,6
Police Quarters,23,1
Prestige Silver Crest,1,3
Prestige Silver Crest,2,35
Prestige Silver Crest,3,158
Prestige Silver Crest,4,147
Prestige Silver Crest,5,144
Prestige Silver Crest,6,28
Prestige Silver Crest,7,8
Prestige Silver Crest,8,35
Prestige Silver Crest,9,89
Prestige Silver Crest,10,40
Prestige Silver Crest,11,48
Prestige Silver Crest,12,2
Prestige Silver Crest,13,6
Prestige Silver Crest,14,1
R Subanna Circle,0,99
R Subanna Circle,1,350
R Subanna Circle,2,134
R Subanna Circle,3,97
R Subanna Circle,4,101
R Subanna Circle,5,116
R Subanna Circle,6,63
R Subanna Circle,7,85
R Subanna Circle,8,153
R Subanna Circle,9,78
R Subanna Circle,10,90
R Subanna Circle,11,113
R Subanna Circle,12,50
R Subanna Circle,13,3
R Subanna Circle,14,24
RK Puram,0,153
RK Puram,1,282
RK Puram,2,359
RK Puram,3,379
RK Puram,4,303
RK Puram,5,411
RK Puram,6,515
RK Puram,7,298
RK Puram,8,704
RK Puram,9,886
RK Puram,10,655
RK Puram,11,637
RK Puram,12,188
RK Puram,13,179
RK Puram,14,124
RK Puram,15,20
RK Puram,16,2
RK Puram,18,1
RK Puram,23,5
RPC Layout,0,2
RPC Layout,1,16
RPC Layout,2,258
RPC Layout,3,284
RPC Layout,4,165
RPC Layout,5,133
RPC Layout,6,20
RPC Layout,7,67
RPC Layout,8,15
RPC Layout,9,85
RPC Layout,10,282
RPC Layout,11,301
RPC Layout,12,240
RPC Layout,13,70
RPC Layout,14,7
RPC Layout,18,3
RR Palace,2,3
RR Palace,3,10
RR Palace,4,3
RR Palace,5,27
RR Palace,6,43
RR Palace,7,114
RR Palace,8,176
RR Palace,9,173
RR Palace,10,244
RR Palace,11,207
RR Palace,12,85
RR Palace,13,55
RR Palace,14,11
RR Palace,15,6
Railway Officers Enclave,0,57
Railway Officers Enclave,1,140
Railway Officers Enclave,2,174
Railway Officers Enclave,3,36
Railway Officers Enclave,4,49
Railway Officers Enclave,5,73
Railway Officers Enclave,6,76
Railway Officers Enclave,7,36
Railway Officers Enclave,8,122
Railway Officers Enclave,9,89
Railway Officers Enclave,10,56
Railway Officers Enclave,11,66
Railway Officers Enclave,12,37
Railway Officers Enclave,13,3
Railway Officers Enclave,14,13
Rajaji Nagar,0,23
Rajaji Nagar,1,113
Rajaji Nagar,2,517
Rajaji Nagar,3,674
Rajaji Nagar,4,702
Rajaji Nagar,5,679
Rajaji Nagar,6,746
Rajaji Nagar,7,805
Rajaji Nagar,8,937
Rajaji Nagar,9,868
Rajaji Nagar,10,1427
Rajaji Nagar,11,576
Rajaji Nagar,12,322
Rajaji Nagar,13,141
Rajaji Nagar,14,134
Rajaji Nagar,15,15
Rajaji Nagar,16,18
Rajaji Nagar,17,5
Rajaji Nagar,18,11
Ranganathapura,1,6
Ranganathapura,2,12
Ranganathapura,3,74
Ranganathapura,4,128
Ranganathapura,5,158
Ranganathapura,6,159
Ranganathapura,7,130
Ranganathapura,8,132
Ranganathapura,9,155
Ranganathapura,10,213
Ranganathapura,11,143
Ranganathapura,12,27
Ranganathapura,13,22
Ranganathapura,14,4
Ranganathapura,15,12
Ranganathapura,16,8
Royal Heritage,0,12
Royal Heritage,1,38
Royal Heritage,2,125
Royal Heritage,3,119
Royal Heritage,4,93
Royal Heritage,5,35
Royal Heritage,6,64
Royal Heritage,7,22
Royal Heritage,8,41
Royal Heritage,9,184
Royal Heritage,10,243
Royal Heritage,11,155
Royal Heritage,12,92
Royal Heritage,13,44
Royal Heritage,14,23
Royal Heritage,15,16
Royal Heritage,16,1
SM Layout,0,79
SM Layout,1,88
SM Layout,2,60
SM Layout,3,17
SM Layout,4,18
SM Layout,5,41
SM Layout,6,17
SM Layout,7,51
SM Layout,8,22
SM Layout,9,51
SM Layout,10,145
SM Layout,11,102
SM Layout,12,106
SM Layout,13,53
SM Layout,14,12
SM Layout,15,2
SM Layout,16,1
Sadahalli Gate Junction,0,35
Sadahalli Gate Junction,1,140
Sadahalli Gate Junction,2,82
Sadahalli Gate Junction,3,64
Sadahalli Gate Junction,4,29
Sadahalli Gate Junction,5,48
Sadahalli Gate Junction,6,20
Sadahalli Gate Junction,7,72
Sadahalli Gate Junction,8,33
Sadahalli Gate Junction,9,67
Sadahalli Gate Junction,10,85
Sadahalli Gate Junction,11,50
Sadahalli Gate Junction,12,84
Sadahalli Gate Junction,13,64
Sadahalli Gate Junction,14,33
Sadahalli Gate Junction,15,6
Sagar Theatre Junction,0,9
Sagar Theatre Junction,1,22
Sagar Theatre Junction,2,31
Sagar Theatre Junction,3,23
Sagar Theatre Junction,4,35
Sagar Theatre Junction,5,138
Sagar Theatre Junction,6,101
Sagar Theatre Junction,7,86
Sagar Theatre Junction,8,205
Sagar Theatre Junction,9,204
Sagar Theatre Junction,10,168
Sagar Theatre Junction,11,103
Sagar Theatre Junction,12,51
Sagar Theatre Junction,13,32
Sagar Theatre Junction,14,5
Sagar Theatre Junction,15,1
Santhusapete,1,1
Santhusapete,2,14
Santhusapete,3,29
Santhusapete,4,81
Santhusapete,5,116
Santhusapete,6,107
Santhusapete,7,89
Santhusapete,8,71
Santhusapete,9,112
Santhusapete,10,148
Santhusapete,11,160
Santhusapete,12,64
Santhusapete,13,24
Santhusapete,14,5
Satellite Bus Stand Junction,0,9
Satellite Bus Stand Junction,1,145
Satellite Bus Stand Junction,2,35
Satellite Bus Stand Junction,3,64
Satellite Bus Stand Junction,4,16
Satellite Bus Stand Junction,5,2
Satellite Bus Stand Junction,6,2
Satellite Bus Stand Junction,7,23
Satellite Bus Stand Junction,8,34
Satellite Bus Stand Junction,9,71
Satellite Bus Stand Junction,10,175
Satellite Bus Stand Junction,11,85
Satellite Bus Stand Junction,12,51
Satellite Bus Stand Junction,13,30
Satellite Bus Stand Junction,14,34
Satellite Bus Stand Junction,15,12
Satellite Bus Stand Junction,16,17
Satellite Bus Stand Junction,17,14
Satellite Bus Stand Junction,23,3
Shivaji Nagar,0,41
Shivaji Nagar,1,60
Shivaji Nagar,2,79
Shivaji Nagar,3,186
Shivaji Nagar,4,198
Shivaji Nagar,5,247
Shivaji Nagar,6,163
Shivaji Nagar,7,234
Shivaji Nagar,8,318
Shivaji Nagar,9,363
Shivaji Nagar,10,521
Shivaji Nagar,11,433
Shivaji Nagar,12,265
Shivaji Nagar,13,212
Shivaji Nagar,14,106
Shivaji Nagar,15,66
Shivaji Nagar,16,50
Shivaji Nagar,17,67
Shivaji Nagar,18,51
Shopper Junction,1,13
Shopper Junction,2,52
Shopper Junction,3,84
Shopper Junction,4,54
Shopper Junction,5,78
Shopper Junction,6,94
Shopper Junction,7,16
Shopper Junction,8,39
Shopper Junction,9,80
Shopper Junction,10,99
Shopper Junction,11,152
Shopper Junction,12,113
Shopper Junction,13,60
Shopper Junction,14,81
Shopper Junction,16,2
Shoukath Mohalla,0,2
Shoukath Mohalla,1,17
Shoukath Mohalla,2,18
Shoukath Mohalla,3,20
Shoukath Mohalla,4,77
Shoukath Mohalla,5,291
Shoukath Mohalla,6,253
Shoukath Mohalla,7,177
Shoukath Mohalla,8,231
Shoukath Mohalla,9,294
Shoukath Mohalla,10,465
Shoukath Mohalla,11,388
Shoukath Mohalla,12,72
Shoukath Mohalla,13,57
Shoukath Mohalla,14,2
Shoukath Mohalla,17,1
Shoukath Mohalla,23,2
Shri Vinayaka Circle,0,4
Shri Vinayaka Circle,1,1
Shri Vinayaka Circle,2,9
Shri Vinayaka Circle,3,63
Shri Vinayaka Circle,4,94
Shri Vinayaka Circle,5,80
Shri Vinayaka Circle,6,108
Shri Vinayaka Circle,7,68
Shri Vinayaka Circle,8,189
Shri Vinayaka Circle,9,148
Shri Vinayaka Circle,10,97
Shri Vinayaka Circle,11,38
Shri Vinayaka Circle,12,50
Shri Vinayaka Circle,13,30
Shri Vinayaka Circle,14,1
Shri Vinayaka Circle,15,3
Shri Vinayaka Circle,16,2
Silver Enclave,0,1
Silver Enclave,1,1
Silver Enclave,2,14
Silver Enclave,3,78
Silver Enclave,4,55
Silver Enclave,5,16
Silver Enclave,6,17
Silver Enclave,7,17
Silver Enclave,8,27
Silver Enclave,9,30
Silver Enclave,10,5
Silver Enclave,11,57
Silver Enclave,12,196
Silver Enclave,13,168
Silver Enclave,14,80
Silver Enclave,23,3
Sindhya Sunshine Apartment,0,14
Sindhya Sunshine Apartment,1,10
Sindhya Sunshine Apartment,2,66
Sindhya Sunshine Apartment,3,97
Sindhya Sunshine Apartment,4,229
Sindhya Sunshine Apartment,5,178
Sindhya Sunshine Apartment,6,92
Sindhya Sunshine Apartment,7,30
Sindhya Sunshine Apartment,8,102
Sindhya Sunshine Apartment,9,125
Sindhya Sunshine Apartment,10,136
Sindhya Sunshine Apartment,11,160
Sindhya Sunshine Apartment,12,43
Sindhya Sunshine Apartment,13,6
Sindhya Sunshine Apartment,14,14
Sindhya Sunshine Apartment,15,7
Sindhya Sunshine Apartment,16,5
Sindhya Sunshine Apartment,17,2
Sri Kanakadasa Circle,0,156
Sri Kanakadasa Circle,1,481
Sri Kanakadasa Circle,2,174
Sri Kanakadasa Circle,3,123
Sri Kanakadasa Circle,4,139
Sri Kanakadasa Circle,5,155
Sri Kanakadasa Circle,6,219
Sri Kanakadasa Circle,7,196
Sri Kanakadasa Circle,8,300
Sri Kanakadasa Circle,9,412
Sri Kanakadasa Circle,10,270
Sri Kanakadasa Circle,11,175
Sri Kanakadasa Circle,12,181
Sri Kanakadasa Circle,13,53
Sri Kanakadasa Circle,14,35
Sri Kanakadasa Circle,17,1
Sri Krishna Rajendra Market,0,254
Sri Krishna Rajendra Market,1,438
Sri Krishna Rajendra Market,2,179
Sri Krishna Rajendra Market,3,71
Sri Krishna Rajendra Market,4,87
Sri Krishna Rajendra Market,5,223
Sri Krishna Rajendra Market,6,156
Sri Krishna Rajendra Market,7,140
Sri Krishna Rajendra Market,8,281
Sri Krishna Rajendra Market,9,338
Sri Krishna Rajendra Market,10,185
Sri Krishna Rajendra Market,11,171
Sri Krishna Rajendra Market,12,29
Sri Krishna Rajendra Market,13,5
Sri Krishna Rajendra Market,15,12
Sri Krishna Rajendra Market,20,2
Sri Krishna Rajendra Market,21,7
Sri Krishna Rajendra Market,22,40
Sri Krishna Rajendra Market,23,117
Sri Nagamma Devi Circle,0,13
Sri Nagamma Devi Circle,1,26
Sri Nagamma Devi Circle,2,2
Sri Nagamma Devi Circle,3,22
Sri Nagamma Devi Circle,4,69
Sri Nagamma Devi Circle,5,181
Sri Nagamma Devi Circle,6,346
Sri Nagamma Devi Circle,7,554
Sri Nagamma Devi Circle,8,843
Sri Nagamma Devi Circle,9,1141
Sri Nagamma Devi Circle,10,1719
Sri Nagamma Devi Circle,11,1377
Sri Nagamma Devi Circle,12,766
Sri Nagamma Devi Circle,13,630
Sri Nagamma Devi Circle,14,408
Sri Nagamma Devi Circle,15,112
Sri Nagamma Devi Circle,16,6
Sri Nagamma Devi Circle,23,5
Star Circle,0,3
Star Circle,1,29
Star Circle,2,48
Star Circle,3,119
Star Circle,4,142
Star Circle,5,140
Star Circle,6,133
Star Circle,7,190
Star Circle,8,207
Star Circle,9,165
Star Circle,10,139
Star Circle,11,126
Star Circle,12,65
Star Circle,13,23
Star Circle,14,26
Star Circle,15,10
Star Circle,18,3
Star Circle,21,1
Tasker Town,0,9
Tasker Town,1,3
Tasker Town,2,10
Tasker Town,3,23
Tasker Town,4,131
Tasker Town,5,388
Tasker Town,6,324
Tasker Town,7,695
Tasker Town,8,1410
Tasker Town,9,1023
Tasker Town,10,1663
Tasker Town,11,1420
Tasker Town,12,584
Tasker Town,13,380
Tasker Town,14,195
Tasker Town,15,42
Tasker Town,17,4
The Metropolitan Cooperative Housing Society,2,11
The Metropolitan Cooperative Housing Society,3,10
The Metropolitan Cooperative Housing Society,4,33
The Metropolitan Cooperative Housing Society,5,63
The Metropolitan Cooperative Housing Society,6,27
The Metropolitan Cooperative Housing Society,7,22
The Metropolitan Cooperative Housing Society,8,23
The Metropolitan Cooperative Housing Society,9,43
The Metropolitan Cooperative Housing Society,10,136
The Metropolitan Cooperative Housing Society,11,163
The Metropolitan Cooperative Housing Society,12,177
The Metropolitan Cooperative Housing Society,13,136
The Metropolitan Cooperative Housing Society,14,164
The Metropolitan Cooperative Housing Society,15,20
The Metropolitan Cooperative Housing Society,16,3
The Metropolitan Cooperative Housing Society,17,4
Thulasi Thottam,0,4
Thulasi Thottam,1,22
Thulasi Thottam,2,122
Thulasi Thottam,3,192
Thulasi Thottam,4,156
Thulasi Thottam,5,53
Thulasi Thottam,6,95
Thulasi Thottam,7,58
Thulasi Thottam,8,51
Thulasi Thottam,9,54
Thulasi Thottam,10,24
Thulasi Thottam,11,13
Thulasi Thottam,13,10
Thulasi Thottam,14,2
Venkatappa Colony,0,56
Venkatappa Colony,1,308
Venkatappa Colony,2,114
Venkatappa Colony,3,57
Venkatappa Colony,4,76
Venkatappa Colony,5,46
Venkatappa Colony,6,246
Venkatappa Colony,7,72
Venkatappa Colony,8,16
Venkatappa Colony,9,46
Venkatappa Colony,10,34
Venkatappa Colony,11,36
Venkatappa Colony,12,35
Venkatappa Colony,13,1
Venkatappa Colony,14,2
Vinayaka Nagar,0,1
Vinayaka Nagar,1,47
Vinayaka Nagar,2,145
Vinayaka Nagar,3,390
Vinayaka Nagar,4,415
Vinayaka Nagar,5,319
Vinayaka Nagar,6,160
Vinayaka Nagar,7,190
Vinayaka Nagar,8,161
Vinayaka Nagar,9,264
Vinayaka Nagar,10,289
Vinayaka Nagar,11,341
Vinayaka Nagar,12,186
Vinayaka Nagar,13,122
Vinayaka Nagar,14,60
Vinayaka Nagar,15,8
Vinayaka Nagar,17,6
Walton Road Circle,1,4
Walton Road Circle,2,11
Walton Road Circle,3,19
Walton Road Circle,4,34
Walton Road Circle,5,54
Walton Road Circle,6,41
Walton Road Circle,7,110
Walton Road Circle,8,32
Walton Road Circle,9,95
Walton Road Circle,10,90
Walton Road Circle,11,123
Walton Road Circle,12,51
Walton Road Circle,13,13
Walton Road Circle,14,3
